{
  "Use Non-ASCII Font" : false,
  "Tags" : [

  ],
  "Ansi 12 Color" : {
    "Green Component" : 0.4627451002597809,
    "Blue Component" : 0.7803921699523926,
    "Red Component" : 0.1294117718935013
  },
  "Ansi 6 Color" : {
    "Green Component" : 0.8509804010391235,
    "Blue Component" : 0.9372549057006836,
    "Red Component" : 0.4000000059604645
  },
  "Normal Font" : "MesloLGMDZ-RegularForPowerline 12",
  "Bold Color" : {
    "Green Component" : 0.9669104814529419,
    "Blue Component" : 0.9331903457641602,
    "Red Component" : 0.965801477432251
  },
  "Horizontal Spacing" : 1,
  "Ansi 4 Color" : {
    "Green Component" : 0.462659478187561,
    "Blue Component" : 0.7823141813278198,
    "Red Component" : 0.1275488436222076
  },
  "Right Option Key Sends" : 0,
  "Rows" : 25,
  "Default Bookmark" : "No",
  "Blend" : 0.136279296875,
  "Cursor Guide Color" : {
    "Red Component" : 0.9917360544204712,
    "Color Space" : "Calibrated",
    "Blue Component" : 0.9730221033096313,
    "Alpha Component" : 0.25,
    "Green Component" : 0.6216930747032166
  },
  "Non-ASCII Anti Aliased" : true,
  "Use Bright Bold" : true,
  "Ansi 10 Color" : {
    "Green Component" : 0.886274516582489,
    "Blue Component" : 0.1803921610116959,
    "Red Component" : 0.6509804129600525
  },
  "Use Cursor Guide" : false,
  "Ambiguous Double Width" : false,
  "Jobs to Ignore" : [
    "rlogin",
    "ssh",
    "slogin",
    "telnet"
  ],
  "Ansi 15 Color" : {
    "Green Component" : 1,
    "Blue Component" : 1,
    "Red Component" : 1
  },
  "Foreground Color" : {
    "Green Component" : 0.9725490212440491,
    "Blue Component" : 0.9490196108818054,
    "Red Component" : 0.9725490212440491
  },
  "Bound Hosts" : [

  ],
  "Working Directory" : "\/Users\/kristy",
  "Blinking Cursor" : false,
  "Disable Window Resizing" : true,
  "Sync Title" : false,
  "Prompt Before Closing 2" : false,
  "BM Growl" : true,
  "Command" : "",
  "Description" : "Default",
  "Smart Cursor Color" : false,
  "Space" : 0,
  "Screen" : -1,
  "Selection Color" : {
    "Green Component" : 0.2666666805744171,
    "Blue Component" : 0.2666666805744171,
    "Red Component" : 0.2666666805744171
  },
  "Mouse Reporting" : true,
  "Only The Default BG Color Uses Transparency" : false,
  "Columns" : 80,
  "Idle Code" : 0,
  "Ansi 13 Color" : {
    "Green Component" : 0.5058823823928833,
    "Blue Component" : 1,
    "Red Component" : 0.6823529601097107
  },
  "Custom Command" : "No",
  "ASCII Anti Aliased" : true,
  "Non Ascii Font" : "Monaco 12",
  "Vertical Spacing" : 1,
  "Use Bold Font" : true,
  "Option Key Sends" : 0,
  "Selected Text Color" : {
    "Green Component" : 0.9669104814529419,
    "Blue Component" : 0.9331903457641602,
    "Red Component" : 0.965801477432251
  },
  "Background Color" : {
    "Green Component" : 0.07058823853731155,
    "Blue Component" : 0.07058823853731155,
    "Red Component" : 0.07058823853731155
  },
  "Character Encoding" : 4,
  "Ansi 11 Color" : {
    "Green Component" : 0.8588235378265381,
    "Blue Component" : 0.4549019634723663,
    "Red Component" : 0.9019607901573181
  },
  "Use Italic Font" : true,
  "Unlimited Scrollback" : false,
  "Keyboard Map" : {
    "0xf700-0x260000" : {
      "Action" : 10,
      "Text" : "[1;6A"
    },
    "0x37-0x40000" : {
      "Action" : 11,
      "Text" : "0x1f"
    },
    "0x32-0x40000" : {
      "Action" : 11,
      "Text" : "0x00"
    },
    "0xf709-0x20000" : {
      "Action" : 10,
      "Text" : "[17;2~"
    },
    "0xf70c-0x20000" : {
      "Action" : 10,
      "Text" : "[20;2~"
    },
    "0xf729-0x20000" : {
      "Action" : 10,
      "Text" : "[1;2H"
    },
    "0xf72b-0x40000" : {
      "Action" : 10,
      "Text" : "[1;5F"
    },
    "0xf705-0x20000" : {
      "Action" : 10,
      "Text" : "[1;2Q"
    },
    "0xf703-0x260000" : {
      "Action" : 10,
      "Text" : "[1;6C"
    },
    "0xf700-0x220000" : {
      "Action" : 10,
      "Text" : "[1;2A"
    },
    "0xf701-0x280000" : {
      "Action" : 11,
      "Text" : "0x1b 0x1b 0x5b 0x42"
    },
    "0x38-0x40000" : {
      "Action" : 11,
      "Text" : "0x7f"
    },
    "0x33-0x40000" : {
      "Action" : 11,
      "Text" : "0x1b"
    },
    "0xf703-0x220000" : {
      "Action" : 10,
      "Text" : "[1;2C"
    },
    "0xf701-0x240000" : {
      "Action" : 10,
      "Text" : "[1;5B"
    },
    "0xf70d-0x20000" : {
      "Action" : 10,
      "Text" : "[21;2~"
    },
    "0xf702-0x260000" : {
      "Action" : 10,
      "Text" : "[1;6D"
    },
    "0xf729-0x40000" : {
      "Action" : 10,
      "Text" : "[1;5H"
    },
    "0xf706-0x20000" : {
      "Action" : 10,
      "Text" : "[1;2R"
    },
    "0x34-0x40000" : {
      "Action" : 11,
      "Text" : "0x1c"
    },
    "0xf700-0x280000" : {
      "Action" : 11,
      "Text" : "0x1b 0x1b 0x5b 0x41"
    },
    "0x2d-0x40000" : {
      "Action" : 11,
      "Text" : "0x1f"
    },
    "0xf70e-0x20000" : {
      "Action" : 10,
      "Text" : "[23;2~"
    },
    "0xf702-0x220000" : {
      "Action" : 10,
      "Text" : "[1;2D"
    },
    "0xf703-0x280000" : {
      "Action" : 11,
      "Text" : "0x1b 0x1b 0x5b 0x43"
    },
    "0xf700-0x240000" : {
      "Action" : 10,
      "Text" : "[1;5A"
    },
    "0xf707-0x20000" : {
      "Action" : 10,
      "Text" : "[1;2S"
    },
    "0xf70a-0x20000" : {
      "Action" : 10,
      "Text" : "[18;2~"
    },
    "0x35-0x40000" : {
      "Action" : 11,
      "Text" : "0x1d"
    },
    "0xf70f-0x20000" : {
      "Action" : 10,
      "Text" : "[24;2~"
    },
    "0xf703-0x240000" : {
      "Action" : 10,
      "Text" : "[1;5C"
    },
    "0xf701-0x260000" : {
      "Action" : 10,
      "Text" : "[1;6B"
    },
    "0xf702-0x280000" : {
      "Action" : 11,
      "Text" : "0x1b 0x1b 0x5b 0x44"
    },
    "0xf72b-0x20000" : {
      "Action" : 10,
      "Text" : "[1;2F"
    },
    "0x36-0x40000" : {
      "Action" : 11,
      "Text" : "0x1e"
    },
    "0xf708-0x20000" : {
      "Action" : 10,
      "Text" : "[15;2~"
    },
    "0xf701-0x220000" : {
      "Action" : 10,
      "Text" : "[1;2B"
    },
    "0xf70b-0x20000" : {
      "Action" : 10,
      "Text" : "[19;2~"
    },
    "0xf702-0x240000" : {
      "Action" : 10,
      "Text" : "[1;5D"
    },
    "0xf704-0x20000" : {
      "Action" : 10,
      "Text" : "[1;2P"
    }
  },
  "Window Type" : 1,
  "Cursor Boost" : 0,
  "Blur" : false,
  "Background Image Location" : "\/Users\/kristy\/Dropbox\/Photos\/Backgrounds\/X79mL2G.jpg",
  "Badge Color" : {
    "Red Component" : 1,
    "Color Space" : "Calibrated",
    "Blue Component" : 0,
    "Alpha Component" : 0.5,
    "Green Component" : 0
  },
  "Scrollback Lines" : 1000,
  "Send Code When Idle" : false,
  "Close Sessions On End" : true,
  "Terminal Type" : "xterm-256color",
  "Visual Bell" : true,
  "Flashing Bell" : false,
  "Silence Bell" : false,
  "Ansi 14 Color" : {
    "Green Component" : 0.8509804010391235,
    "Blue Component" : 0.9372549057006836,
    "Red Component" : 0.4000000059604645
  },
  "Background Image Is Tiled" : true,
  "Name" : "Favorite",
  "Cursor Text Color" : {
    "Green Component" : 0.1333333402872086,
    "Blue Component" : 0.1333333402872086,
    "Red Component" : 0.1333333402872086
  },
  "Minimum Contrast" : 0.2943532436708861,
  "Shortcut" : "",
  "Cursor Color" : {
    "Green Component" : 0.9725490212440491,
    "Blue Component" : 0.9411764740943909,
    "Red Component" : 0.9725490212440491
  },
  "Transparency" : 0,
  "Ansi 1 Color" : {
    "Green Component" : 0.1490196138620377,
    "Blue Component" : 0.4470588266849518,
    "Red Component" : 0.9764705896377563
  },
  "Ansi 0 Color" : {
    "Green Component" : 0.1137254908680916,
    "Blue Component" : 0.1176470592617989,
    "Red Component" : 0.105882354080677
  },
  "Ansi 3 Color" : {
    "Green Component" : 0.8588235378265381,
    "Blue Component" : 0.4549019634723663,
    "Red Component" : 0.9019607901573181
  },
  "Link Color" : {
    "Red Component" : 0.023,
    "Color Space" : "Calibrated",